,0
0,./dataset/train/Tarun/Tarun_20_random_noise_image.png
1,./dataset/train/Tarun/Tarun_2_contrast.png
2,./dataset/train/Tarun/Tarun_0.png
3,./dataset/train/Tarun/Tarun_14_random_noise_image.png
4,./dataset/train/Tarun/Tarun_37_random_noise_image.png
5,./dataset/train/Tarun/Tarun_17_contrast.png
6,./dataset/train/Tarun/Tarun_10.png
7,./dataset/train/Tarun/Tarun_3_contrast.png
8,./dataset/train/Tarun/Tarun_11_random_noise_image.png
9,./dataset/train/Tarun/Tarun_11.png
10,./dataset/train/Tarun/Tarun_26_random_noise_image.png
11,./dataset/train/Tarun/Tarun_41_gamma_image.png
12,./dataset/train/Tarun/Tarun_36.png
13,./dataset/train/Tarun/Tarun_0_gray_image.png
14,./dataset/train/Tarun/Tarun_18_contrast.png
15,./dataset/train/Tarun/Tarun_1_random_noise_image.png
16,./dataset/train/Tarun/Tarun_26_gamma_image.png
17,./dataset/train/Tarun/Tarun_24_random_noise_image.png
18,./dataset/train/Tarun/Tarun_15_random_noise_image.png
19,./dataset/train/Tarun/Tarun_17_gray_image.png
20,./dataset/train/Tarun/Tarun_18_random_noise_image.png
21,./dataset/train/Tarun/Tarun_41_gray_image.png
22,./dataset/train/Tarun/Tarun_19_contrast.png
23,./dataset/train/Tarun/Tarun_10_gamma_image.png
24,./dataset/train/Tarun/Tarun_28_random_noise_image.png
25,./dataset/train/Tarun/Tarun_15_gamma_image.png
26,./dataset/train/Tarun/Tarun_23_gamma_image.png
27,./dataset/train/Tarun/Tarun_3.png
28,./dataset/train/Tarun/Tarun_41_contrast.png
29,./dataset/train/Tarun/Tarun_26_gray_image.png
30,./dataset/train/Tarun/Tarun_21_gray_image.png
31,./dataset/train/Tarun/Tarun_30_contrast.png
32,./dataset/train/Tarun/Tarun_8_gray_image.png
33,./dataset/train/Tarun/Tarun_35_gamma_image.png
34,./dataset/train/Tarun/Tarun_20_gray_image.png
35,./dataset/train/Tarun/Tarun_29_random_noise_image.png
36,./dataset/train/Tarun/Tarun_7_contrast.png
37,./dataset/train/Tarun/Tarun_25_random_noise_image.png
38,./dataset/train/Tarun/Tarun_4_random_noise_image.png
39,./dataset/train/Tarun/Tarun_3_random_noise_image.png
40,./dataset/train/Tarun/Tarun_4_contrast.png
41,./dataset/train/Tarun/Tarun_13_random_noise_image.png
42,./dataset/train/Tarun/Tarun_4_gray_image.png
43,./dataset/train/Tarun/Tarun_29_gamma_image.png
44,./dataset/train/Tarun/Tarun_6.png
45,./dataset/train/Tarun/Tarun_0_gamma_image.png
46,./dataset/train/Tarun/Tarun_0_random_noise_image.png
47,./dataset/train/Tarun/Tarun_16_random_noise_image.png
48,./dataset/train/Tarun/Tarun_6_gray_image.png
49,./dataset/train/Tarun/Tarun_8_gamma_image.png
50,./dataset/train/Tarun/Tarun_23_random_noise_image.png
51,./dataset/train/Tarun/Tarun_30_gamma_image.png
52,./dataset/train/Tarun/Tarun_21_gamma_image.png
53,./dataset/train/Tarun/Tarun_30_random_noise_image.png
54,./dataset/train/Tarun/Tarun_36_contrast.png
55,./dataset/train/Tarun/Tarun_22_gamma_image.png
56,./dataset/train/Tarun/Tarun_25_gray_image.png
57,./dataset/train/Tarun/Tarun_11_gray_image.png
58,./dataset/train/Tarun/Tarun_6_gamma_image.png
59,./dataset/train/Tarun/Tarun_11_gamma_image.png
60,./dataset/train/Tarun/Tarun_41.png
61,./dataset/train/Tarun/Tarun_30.png
62,./dataset/train/Tarun/Tarun_7_gamma_image.png
63,./dataset/train/Tarun/Tarun_30_gray_image.png
64,./dataset/train/Tarun/Tarun_6_random_noise_image.png
65,./dataset/train/Tarun/Tarun_35.png
66,./dataset/train/Tarun/Tarun_22_contrast.png
67,./dataset/train/Tarun/Tarun_20.png
68,./dataset/train/Tarun/Tarun_5_random_noise_image.png
69,./dataset/train/Tarun/Tarun_38_random_noise_image.png
70,./dataset/train/Tarun/Tarun_24_gray_image.png
71,./dataset/train/Tarun/Tarun_22_gray_image.png
72,./dataset/train/Tarun/Tarun_3_gray_image.png
73,./dataset/train/Tarun/Tarun_12_gray_image.png
74,./dataset/train/Tarun/Tarun_2.png
75,./dataset/train/Tarun/Tarun_11_contrast.png
76,./dataset/train/Tarun/Tarun_23.png
77,./dataset/train/Tarun/Tarun_27.png
78,./dataset/train/Tarun/Tarun_18.png
79,./dataset/train/Tarun/Tarun_13_contrast.png
80,./dataset/train/Tarun/Tarun_26.png
81,./dataset/train/Tarun/Tarun_28_gray_image.png
82,./dataset/train/Tarun/Tarun_19.png
83,./dataset/train/Tarun/Tarun_10_gray_image.png
84,./dataset/train/Tarun/Tarun_4.png
85,./dataset/train/Tarun/Tarun_2_gamma_image.png
86,./dataset/train/Tarun/Tarun_23_gray_image.png
87,./dataset/train/Tarun/Tarun_16_gamma_image.png
88,./dataset/train/Tarun/Tarun_28.png
89,./dataset/train/Tarun/Tarun_5_gamma_image.png
90,./dataset/train/Tarun/Tarun_18_gamma_image.png
91,./dataset/train/Tarun/Tarun_9_contrast.png
92,./dataset/train/Tarun/Tarun_20_gamma_image.png
93,./dataset/train/Tarun/Tarun_1_contrast.png
94,./dataset/train/Tarun/Tarun_9_gamma_image.png
95,./dataset/train/Tarun/Tarun_22_random_noise_image.png
96,./dataset/train/Tarun/Tarun_13_gamma_image.png
97,./dataset/train/Tarun/Tarun_35_random_noise_image.png
98,./dataset/train/Tarun/Tarun_36_gray_image.png
99,./dataset/train/Tarun/Tarun_37_contrast.png
100,./dataset/train/Tarun/Tarun_38_contrast.png
101,./dataset/train/Tarun/Tarun_12_gamma_image.png
102,./dataset/train/Tarun/Tarun_16_contrast.png
103,./dataset/train/Tarun/Tarun_14_contrast.png
104,./dataset/train/Tarun/Tarun_22.png
105,./dataset/train/Tarun/Tarun_14_gamma_image.png
106,./dataset/train/Tarun/Tarun_14.png
107,./dataset/train/Tarun/Tarun_4_gamma_image.png
108,./dataset/train/Tarun/Tarun_28_gamma_image.png
109,./dataset/train/Tarun/Tarun_21_contrast.png
110,./dataset/train/Tarun/Tarun_19_gamma_image.png
111,./dataset/train/Tarun/Tarun_13.png
112,./dataset/train/Tarun/Tarun_7_gray_image.png
113,./dataset/train/Tarun/Tarun_27_gamma_image.png
114,./dataset/train/Tarun/Tarun_15.png
115,./dataset/train/Tarun/Tarun_9_gray_image.png
116,./dataset/train/Tarun/Tarun_27_random_noise_image.png
117,./dataset/train/Tarun/Tarun_2_gray_image.png
118,./dataset/train/Tarun/Tarun_19_random_noise_image.png
119,./dataset/train/Tarun/Tarun_38_gray_image.png
120,./dataset/train/Tarun/Tarun_5_gray_image.png
121,./dataset/train/Tarun/Tarun_18_gray_image.png
122,./dataset/train/Tarun/Tarun_38_gamma_image.png
123,./dataset/train/Tarun/Tarun_12_random_noise_image.png
124,./dataset/train/Tarun/Tarun_20_contrast.png
125,./dataset/train/Tarun/Tarun_16_gray_image.png
126,./dataset/train/Tarun/Tarun_10_random_noise_image.png
127,./dataset/train/Tarun/Tarun_8_contrast.png
128,./dataset/train/Tarun/Tarun_23_contrast.png
129,./dataset/train/Tarun/Tarun_36_random_noise_image.png
130,./dataset/train/Tarun/Tarun_27_contrast.png
131,./dataset/train/Tarun/Tarun_17_gamma_image.png
132,./dataset/train/Tarun/Tarun_29_gray_image.png
133,./dataset/train/Tarun/Tarun_24_contrast.png
134,./dataset/train/Tarun/Tarun_1.png
135,./dataset/train/Tarun/Tarun_7.png
136,./dataset/train/Tarun/Tarun_37.png
137,./dataset/train/Tarun/Tarun_27_gray_image.png
138,./dataset/train/Tarun/Tarun_15_gray_image.png
139,./dataset/train/Tarun/Tarun_5_contrast.png
140,./dataset/train/Tarun/Tarun_1_gamma_image.png
141,./dataset/train/Tarun/Tarun_9.png
142,./dataset/train/Tarun/Tarun_24.png
143,./dataset/train/Tarun/Tarun_24_gamma_image.png
144,./dataset/train/Tarun/Tarun_16.png
145,./dataset/train/Tarun/Tarun_36_gamma_image.png
146,./dataset/train/Tarun/Tarun_13_gray_image.png
147,./dataset/train/Tarun/Tarun_1_gray_image.png
148,./dataset/train/Tarun/Tarun_29_contrast.png
149,./dataset/train/Tarun/Tarun_15_contrast.png
150,./dataset/train/Tarun/Tarun_2_random_noise_image.png
151,./dataset/train/Tarun/Tarun_35_contrast.png
152,./dataset/train/Tarun/Tarun_26_contrast.png
153,./dataset/train/Tarun/Tarun_12_contrast.png
154,./dataset/train/Tarun/Tarun_21.png
155,./dataset/train/Tarun/Tarun_8_random_noise_image.png
156,./dataset/train/Tarun/Tarun_5.png
157,./dataset/train/Tarun/Tarun_14_gray_image.png
158,./dataset/train/Tarun/Tarun_41_random_noise_image.png
159,./dataset/train/Tarun/Tarun_29.png
160,./dataset/train/Tarun/Tarun_17_random_noise_image.png
161,./dataset/train/Tarun/Tarun_35_gray_image.png
162,./dataset/train/Tarun/Tarun_0_contrast.png
163,./dataset/train/Tarun/Tarun_12.png
164,./dataset/train/Tarun/Tarun_17.png
165,./dataset/train/Tarun/Tarun_25_gamma_image.png
166,./dataset/train/Tarun/Tarun_25_contrast.png
167,./dataset/train/Tarun/Tarun_10_contrast.png
168,./dataset/train/Tarun/Tarun_8.png
169,./dataset/train/Tarun/Tarun_7_random_noise_image.png
170,./dataset/train/Tarun/Tarun_25.png
171,./dataset/train/Tarun/Tarun_19_gray_image.png
172,./dataset/train/Tarun/Tarun_21_random_noise_image.png
173,./dataset/train/Tarun/Tarun_38.png
174,./dataset/train/Tarun/Tarun_37_gamma_image.png
175,./dataset/train/Tarun/Tarun_28_contrast.png
176,./dataset/train/Tarun/Tarun_9_random_noise_image.png
177,./dataset/train/Tarun/Tarun_6_contrast.png
178,./dataset/train/Tarun/Tarun_37_gray_image.png
179,./dataset/train/Tarun/Tarun_3_gamma_image.png
180,./dataset/train/Varkha/Varkha_2.png
181,./dataset/train/Varkha/Varkha_24_gray_image.png
182,./dataset/train/Varkha/Varkha_29_random_noise_image.png
183,./dataset/train/Varkha/Varkha_5_gamma_image.png
184,./dataset/train/Varkha/Varkha_28.png
185,./dataset/train/Varkha/Varkha_12_contrast.png
186,./dataset/train/Varkha/Varkha_31_gamma_image.png
187,./dataset/train/Varkha/Varkha_32.png
188,./dataset/train/Varkha/Varkha_2_random_noise_image.png
189,./dataset/train/Varkha/Varkha_43_random_noise_image.png
190,./dataset/train/Varkha/Varkha_35_contrast.png
191,./dataset/train/Varkha/Varkha_0_contrast.png
192,./dataset/train/Varkha/Varkha_3_gray_image.png
193,./dataset/train/Varkha/Varkha_28_random_noise_image.png
194,./dataset/train/Varkha/Varkha_26_contrast.png
195,./dataset/train/Varkha/Varkha_29_contrast.png
196,./dataset/train/Varkha/Varkha_8.png
197,./dataset/train/Varkha/Varkha_8_gamma_image.png
198,./dataset/train/Varkha/Varkha_9_gray_image.png
199,./dataset/train/Varkha/Varkha_31.png
200,./dataset/train/Varkha/Varkha_23_random_noise_image.png
201,./dataset/train/Varkha/Varkha_38_gray_image.png
202,./dataset/train/Varkha/Varkha_21_gray_image.png
203,./dataset/train/Varkha/Varkha_7_gamma_image.png
204,./dataset/train/Varkha/Varkha_0_gamma_image.png
205,./dataset/train/Varkha/Varkha_6_gamma_image.png
206,./dataset/train/Varkha/Varkha_32_contrast.png
207,./dataset/train/Varkha/Varkha_5_gray_image.png
208,./dataset/train/Varkha/Varkha_35.png
209,./dataset/train/Varkha/Varkha_35_gamma_image.png
210,./dataset/train/Varkha/Varkha_25_contrast.png
211,./dataset/train/Varkha/Varkha_32_random_noise_image.png
212,./dataset/train/Varkha/Varkha_42_random_noise_image.png
213,./dataset/train/Varkha/Varkha_9_contrast.png
214,./dataset/train/Varkha/Varkha_12_gray_image.png
215,./dataset/train/Varkha/Varkha_33_gamma_image.png
216,./dataset/train/Varkha/Varkha_30_random_noise_image.png
217,./dataset/train/Varkha/Varkha_4.png
218,./dataset/train/Varkha/Varkha_26_gray_image.png
219,./dataset/train/Varkha/Varkha_29_gamma_image.png
220,./dataset/train/Varkha/Varkha_10_random_noise_image.png
221,./dataset/train/Varkha/Varkha_1_contrast.png
222,./dataset/train/Varkha/Varkha_38_gamma_image.png
223,./dataset/train/Varkha/Varkha_26_gamma_image.png
224,./dataset/train/Varkha/Varkha_3_gamma_image.png
225,./dataset/train/Varkha/Varkha_2_gamma_image.png
226,./dataset/train/Varkha/Varkha_23_gray_image.png
227,./dataset/train/Varkha/Varkha_13_random_noise_image.png
228,./dataset/train/Varkha/Varkha_23_gamma_image.png
229,./dataset/train/Varkha/Varkha_32_gamma_image.png
230,./dataset/train/Varkha/Varkha_31_gray_image.png
231,./dataset/train/Varkha/Varkha_19_gray_image.png
232,./dataset/train/Varkha/Varkha_4_random_noise_image.png
233,./dataset/train/Varkha/Varkha_45_gamma_image.png
234,./dataset/train/Varkha/Varkha_6.png
235,./dataset/train/Varkha/Varkha_34_gray_image.png
236,./dataset/train/Varkha/Varkha_21_gamma_image.png
237,./dataset/train/Varkha/Varkha_20.png
238,./dataset/train/Varkha/Varkha_36.png
239,./dataset/train/Varkha/Varkha_36_gamma_image.png
240,./dataset/train/Varkha/Varkha_26_random_noise_image.png
241,./dataset/train/Varkha/Varkha_8_contrast.png
242,./dataset/train/Varkha/Varkha_6_gray_image.png
243,./dataset/train/Varkha/Varkha_11.png
244,./dataset/train/Varkha/Varkha_30_gamma_image.png
245,./dataset/train/Varkha/Varkha_27_gray_image.png
246,./dataset/train/Varkha/Varkha_22_contrast.png
247,./dataset/train/Varkha/Varkha_33.png
248,./dataset/train/Varkha/Varkha_24_gamma_image.png
249,./dataset/train/Varkha/Varkha_10_gamma_image.png
250,./dataset/train/Varkha/Varkha_22_gray_image.png
251,./dataset/train/Varkha/Varkha_37_gamma_image.png
252,./dataset/train/Varkha/Varkha_19.png
253,./dataset/train/Varkha/Varkha_12_gamma_image.png
254,./dataset/train/Varkha/Varkha_26.png
255,./dataset/train/Varkha/Varkha_7.png
256,./dataset/train/Varkha/Varkha_8_gray_image.png
257,./dataset/train/Varkha/Varkha_33_gray_image.png
258,./dataset/train/Varkha/Varkha_2_gray_image.png
259,./dataset/train/Varkha/Varkha_28_gamma_image.png
260,./dataset/train/Varkha/Varkha_34.png
261,./dataset/train/Varkha/Varkha_7_contrast.png
262,./dataset/train/Varkha/Varkha_2_contrast.png
263,./dataset/train/Varkha/Varkha_44_contrast.png
264,./dataset/train/Varkha/Varkha_23.png
265,./dataset/train/Varkha/Varkha_0.png
266,./dataset/train/Varkha/Varkha_25.png
267,./dataset/train/Varkha/Varkha_3.png
268,./dataset/train/Varkha/Varkha_43_contrast.png
269,./dataset/train/Varkha/Varkha_20_random_noise_image.png
270,./dataset/train/Varkha/Varkha_9_random_noise_image.png
271,./dataset/train/Varkha/Varkha_30_gray_image.png
272,./dataset/train/Varkha/Varkha_7_gray_image.png
273,./dataset/train/Varkha/Varkha_27_gamma_image.png
274,./dataset/train/Varkha/Varkha_41_gamma_image.png
275,./dataset/train/Varkha/Varkha_31_contrast.png
276,./dataset/train/Varkha/Varkha_21_contrast.png
277,./dataset/train/Varkha/Varkha_9_gamma_image.png
278,./dataset/train/Varkha/Varkha_28_contrast.png
279,./dataset/train/Varkha/Varkha_3_contrast.png
280,./dataset/train/Varkha/Varkha_5_contrast.png
281,./dataset/train/Varkha/Varkha_4_gray_image.png
282,./dataset/train/Varkha/Varkha_22.png
283,./dataset/train/Varkha/Varkha_34_gamma_image.png
284,./dataset/train/Varkha/Varkha_1_random_noise_image.png
285,./dataset/train/Varkha/Varkha_6_random_noise_image.png
286,./dataset/train/Varkha/Varkha_25_gamma_image.png
287,./dataset/train/Varkha/Varkha_4_gamma_image.png
288,./dataset/train/Varkha/Varkha_35_gray_image.png
289,./dataset/train/Varkha/Varkha_6_contrast.png
290,./dataset/train/Varkha/Varkha_24.png
291,./dataset/train/Varkha/Varkha_33_contrast.png
292,./dataset/train/Varkha/Varkha_20_gray_image.png
293,./dataset/train/Varkha/Varkha_27_contrast.png
294,./dataset/train/Varkha/Varkha_20_contrast.png
295,./dataset/train/Varkha/Varkha_43_gray_image.png
296,./dataset/train/Varkha/Varkha_45_gray_image.png
297,./dataset/train/Varkha/Varkha_25_random_noise_image.png
298,./dataset/train/Varkha/Varkha_43_gamma_image.png
299,./dataset/train/Varkha/Varkha_19_random_noise_image.png
300,./dataset/train/Varkha/Varkha_1_gamma_image.png
301,./dataset/train/Varkha/Varkha_13_gamma_image.png
302,./dataset/train/Varkha/Varkha_37_contrast.png
303,./dataset/train/Varkha/Varkha_8_random_noise_image.png
304,./dataset/train/Varkha/Varkha_19_contrast.png
305,./dataset/train/Varkha/Varkha_37_gray_image.png
306,./dataset/train/Varkha/Varkha_11_random_noise_image.png
307,./dataset/train/Varkha/Varkha_21.png
308,./dataset/train/Varkha/Varkha_45_random_noise_image.png
309,./dataset/train/Varkha/Varkha_7_random_noise_image.png
310,./dataset/train/Varkha/Varkha_41_random_noise_image.png
311,./dataset/train/Varkha/Varkha_30.png
312,./dataset/train/Varkha/Varkha_12.png
313,./dataset/train/Varkha/Varkha_21_random_noise_image.png
314,./dataset/train/Varkha/Varkha_3_random_noise_image.png
315,./dataset/train/Varkha/Varkha_38_random_noise_image.png
316,./dataset/train/Varkha/Varkha_35_random_noise_image.png
317,./dataset/train/Varkha/Varkha_30_contrast.png
318,./dataset/train/Varkha/Varkha_5.png
319,./dataset/train/Varkha/Varkha_11_contrast.png
320,./dataset/train/Varkha/Varkha_45_contrast.png
321,./dataset/train/Varkha/Varkha_31_random_noise_image.png
322,./dataset/train/Varkha/Varkha_1_gray_image.png
323,./dataset/train/Varkha/Varkha_22_random_noise_image.png
324,./dataset/train/Varkha/Varkha_32_gray_image.png
325,./dataset/train/Varkha/Varkha_11_gray_image.png
326,./dataset/train/Varkha/Varkha_33_random_noise_image.png
327,./dataset/train/Varkha/Varkha_38_contrast.png
328,./dataset/train/Varkha/Varkha_0_gray_image.png
329,./dataset/train/Varkha/Varkha_9.png
330,./dataset/train/Varkha/Varkha_29.png
331,./dataset/train/Varkha/Varkha_44_gray_image.png
332,./dataset/train/Varkha/Varkha_0_random_noise_image.png
333,./dataset/train/Varkha/Varkha_23_contrast.png
334,./dataset/train/Varkha/Varkha_24_contrast.png
335,./dataset/train/Varkha/Varkha_36_gray_image.png
336,./dataset/train/Varkha/Varkha_24_random_noise_image.png
337,./dataset/train/Varkha/Varkha_36_random_noise_image.png
338,./dataset/train/Varkha/Varkha_19_gamma_image.png
339,./dataset/train/Varkha/Varkha_28_gray_image.png
340,./dataset/train/Varkha/Varkha_13_gray_image.png
341,./dataset/train/Varkha/Varkha_10.png
342,./dataset/train/Varkha/Varkha_34_random_noise_image.png
343,./dataset/train/Varkha/Varkha_27_random_noise_image.png
344,./dataset/train/Varkha/Varkha_20_gamma_image.png
345,./dataset/train/Varkha/Varkha_42_gamma_image.png
346,./dataset/train/Varkha/Varkha_44_random_noise_image.png
347,./dataset/train/Varkha/Varkha_4_contrast.png
348,./dataset/train/Varkha/Varkha_29_gray_image.png
349,./dataset/train/Varkha/Varkha_12_random_noise_image.png
350,./dataset/train/Varkha/Varkha_10_gray_image.png
351,./dataset/train/Varkha/Varkha_1.png
352,./dataset/train/Varkha/Varkha_13_contrast.png
353,./dataset/train/Varkha/Varkha_42_contrast.png
354,./dataset/train/Varkha/Varkha_41.png
355,./dataset/train/Varkha/Varkha_25_gray_image.png
356,./dataset/train/Varkha/Varkha_10_contrast.png
357,./dataset/train/Varkha/Varkha_11_gamma_image.png
358,./dataset/train/Varkha/Varkha_37_random_noise_image.png
359,./dataset/train/Varkha/Varkha_36_contrast.png
360,./dataset/train/Varkha/Varkha_13.png
361,./dataset/train/Varkha/Varkha_5_random_noise_image.png
362,./dataset/train/Varkha/Varkha_38.png
363,./dataset/train/Varkha/Varkha_27.png
364,./dataset/train/Varkha/Varkha_22_gamma_image.png
365,./dataset/train/Varkha/Varkha_41_contrast.png
366,./dataset/train/Varkha/Varkha_42_gray_image.png
367,./dataset/train/Varkha/Varkha_44_gamma_image.png
368,./dataset/train/Varkha/Varkha_34_contrast.png
369,./dataset/train/Varkha/Varkha_41_gray_image.png
370,./dataset/train/Varkha/Varkha_37.png
371,./dataset/train/Labhesh/Labhesh_23_gray_image.png
372,./dataset/train/Labhesh/Labhesh_10_contrast.png
373,./dataset/train/Labhesh/Labhesh_33_gamma_image.png
374,./dataset/train/Labhesh/Labhesh_15_gray_image.png
375,./dataset/train/Labhesh/Labhesh_31_contrast.png
376,./dataset/train/Labhesh/Labhesh_11.png
377,./dataset/train/Labhesh/Labhesh_36_contrast.png
378,./dataset/train/Labhesh/Labhesh_11_contrast.png
379,./dataset/train/Labhesh/Labhesh_7_contrast.png
380,./dataset/train/Labhesh/Labhesh_10_gray_image.png
381,./dataset/train/Labhesh/Labhesh_26.png
382,./dataset/train/Labhesh/Labhesh_6_contrast.png
383,./dataset/train/Labhesh/Labhesh_29_gamma_image.png
384,./dataset/train/Labhesh/Labhesh_23_random_noise_image.png
385,./dataset/train/Labhesh/Labhesh_42_gamma_image.png
386,./dataset/train/Labhesh/Labhesh_5_gray_image.png
387,./dataset/train/Labhesh/Labhesh_30_random_noise_image.png
388,./dataset/train/Labhesh/Labhesh_43_contrast.png
389,./dataset/train/Labhesh/Labhesh_42_gray_image.png
390,./dataset/train/Labhesh/Labhesh_7_gray_image.png
391,./dataset/train/Labhesh/Labhesh_26_gamma_image.png
392,./dataset/train/Labhesh/Labhesh_7_random_noise_image.png
393,./dataset/train/Labhesh/Labhesh_45_gray_image.png
394,./dataset/train/Labhesh/Labhesh_10_gamma_image.png
395,./dataset/train/Labhesh/Labhesh_14.png
396,./dataset/train/Labhesh/Labhesh_10_random_noise_image.png
397,./dataset/train/Labhesh/Labhesh_3_contrast.png
398,./dataset/train/Labhesh/Labhesh_33_gray_image.png
399,./dataset/train/Labhesh/Labhesh_44_random_noise_image.png
400,./dataset/train/Labhesh/Labhesh_1_gray_image.png
401,./dataset/train/Labhesh/Labhesh_15_gamma_image.png
402,./dataset/train/Labhesh/Labhesh_41_random_noise_image.png
403,./dataset/train/Labhesh/Labhesh_6.png
404,./dataset/train/Labhesh/Labhesh_33.png
405,./dataset/train/Labhesh/Labhesh_3_gamma_image.png
406,./dataset/train/Labhesh/Labhesh_23.png
407,./dataset/train/Labhesh/Labhesh_16_random_noise_image.png
408,./dataset/train/Labhesh/Labhesh_34_random_noise_image.png
409,./dataset/train/Labhesh/Labhesh_30_gray_image.png
410,./dataset/train/Labhesh/Labhesh_32.png
411,./dataset/train/Labhesh/Labhesh_34.png
412,./dataset/train/Labhesh/Labhesh_37_gamma_image.png
413,./dataset/train/Labhesh/Labhesh_4.png
414,./dataset/train/Labhesh/Labhesh_31_gray_image.png
415,./dataset/train/Labhesh/Labhesh_14_contrast.png
416,./dataset/train/Labhesh/Labhesh_45_random_noise_image.png
417,./dataset/train/Labhesh/Labhesh_15_contrast.png
418,./dataset/train/Labhesh/Labhesh_30_gamma_image.png
419,./dataset/train/Labhesh/Labhesh_32_random_noise_image.png
420,./dataset/train/Labhesh/Labhesh_38_gamma_image.png
421,./dataset/train/Labhesh/Labhesh_4_random_noise_image.png
422,./dataset/train/Labhesh/Labhesh_3_gray_image.png
423,./dataset/train/Labhesh/Labhesh_16_gray_image.png
424,./dataset/train/Labhesh/Labhesh_14_gamma_image.png
425,./dataset/train/Labhesh/Labhesh_29_gray_image.png
426,./dataset/train/Labhesh/Labhesh_41_gamma_image.png
427,./dataset/train/Labhesh/Labhesh_1_contrast.png
428,./dataset/train/Labhesh/Labhesh_12_random_noise_image.png
429,./dataset/train/Labhesh/Labhesh_12_contrast.png
430,./dataset/train/Labhesh/Labhesh_26_random_noise_image.png
431,./dataset/train/Labhesh/Labhesh_0_contrast.png
432,./dataset/train/Labhesh/Labhesh_6_random_noise_image.png
433,./dataset/train/Labhesh/Labhesh_27_gamma_image.png
434,./dataset/train/Labhesh/Labhesh_27_gray_image.png
435,./dataset/train/Labhesh/Labhesh_34_gamma_image.png
436,./dataset/train/Labhesh/Labhesh_37_random_noise_image.png
437,./dataset/train/Labhesh/Labhesh_9.png
438,./dataset/train/Labhesh/Labhesh_42_contrast.png
439,./dataset/train/Labhesh/Labhesh_35_contrast.png
440,./dataset/train/Labhesh/Labhesh_4_gamma_image.png
441,./dataset/train/Labhesh/Labhesh_10.png
442,./dataset/train/Labhesh/Labhesh_32_contrast.png
443,./dataset/train/Labhesh/Labhesh_17_random_noise_image.png
444,./dataset/train/Labhesh/Labhesh_0.png
445,./dataset/train/Labhesh/Labhesh_16_contrast.png
446,./dataset/train/Labhesh/Labhesh_29_contrast.png
447,./dataset/train/Labhesh/Labhesh_12_gamma_image.png
448,./dataset/train/Labhesh/Labhesh_37_gray_image.png
449,./dataset/train/Labhesh/Labhesh_2.png
450,./dataset/train/Labhesh/Labhesh_38.png
451,./dataset/train/Labhesh/Labhesh_17.png
452,./dataset/train/Labhesh/Labhesh_26_contrast.png
453,./dataset/train/Labhesh/Labhesh_23_contrast.png
454,./dataset/train/Labhesh/Labhesh_3.png
455,./dataset/train/Labhesh/Labhesh_12_gray_image.png
456,./dataset/train/Labhesh/Labhesh_44_gray_image.png
457,./dataset/train/Labhesh/Labhesh_34_contrast.png
458,./dataset/train/Labhesh/Labhesh_9_gamma_image.png
459,./dataset/train/Labhesh/Labhesh_35.png
460,./dataset/train/Labhesh/Labhesh_2_contrast.png
461,./dataset/train/Labhesh/Labhesh_28_gamma_image.png
462,./dataset/train/Labhesh/Labhesh_3_random_noise_image.png
463,./dataset/train/Labhesh/Labhesh_35_gray_image.png
464,./dataset/train/Labhesh/Labhesh_5_random_noise_image.png
465,./dataset/train/Labhesh/Labhesh_27_contrast.png
466,./dataset/train/Labhesh/Labhesh_45_contrast.png
467,./dataset/train/Labhesh/Labhesh_24.png
468,./dataset/train/Labhesh/Labhesh_37.png
469,./dataset/train/Labhesh/Labhesh_0_gray_image.png
470,./dataset/train/Labhesh/Labhesh_28.png
471,./dataset/train/Labhesh/Labhesh_44_contrast.png
472,./dataset/train/Labhesh/Labhesh_24_gamma_image.png
473,./dataset/train/Labhesh/Labhesh_9_random_noise_image.png
474,./dataset/train/Labhesh/Labhesh_15.png
475,./dataset/train/Labhesh/Labhesh_12.png
476,./dataset/train/Labhesh/Labhesh_8_random_noise_image.png
477,./dataset/train/Labhesh/Labhesh_28_gray_image.png
478,./dataset/train/Labhesh/Labhesh_7_gamma_image.png
479,./dataset/train/Labhesh/Labhesh_17_gamma_image.png
480,./dataset/train/Labhesh/Labhesh_41_contrast.png
481,./dataset/train/Labhesh/Labhesh_30_contrast.png
482,./dataset/train/Labhesh/Labhesh_9_contrast.png
483,./dataset/train/Labhesh/Labhesh_13_gamma_image.png
484,./dataset/train/Labhesh/Labhesh_7.png
485,./dataset/train/Labhesh/Labhesh_31_gamma_image.png
486,./dataset/train/Labhesh/Labhesh_6_gamma_image.png
487,./dataset/train/Labhesh/Labhesh_33_contrast.png
488,./dataset/train/Labhesh/Labhesh_32_gray_image.png
489,./dataset/train/Labhesh/Labhesh_8_contrast.png
490,./dataset/train/Labhesh/Labhesh_16_gamma_image.png
491,./dataset/train/Labhesh/Labhesh_8_gamma_image.png
492,./dataset/train/Labhesh/Labhesh_32_gamma_image.png
493,./dataset/train/Labhesh/Labhesh_27_random_noise_image.png
494,./dataset/train/Labhesh/Labhesh_13_contrast.png
495,./dataset/train/Labhesh/Labhesh_43_gamma_image.png
496,./dataset/train/Labhesh/Labhesh_4_gray_image.png
497,./dataset/train/Labhesh/Labhesh_8.png
498,./dataset/train/Labhesh/Labhesh_38_random_noise_image.png
499,./dataset/train/Labhesh/Labhesh_42_random_noise_image.png
500,./dataset/train/Labhesh/Labhesh_41.png
501,./dataset/train/Labhesh/Labhesh_5.png
502,./dataset/train/Labhesh/Labhesh_29.png
503,./dataset/train/Labhesh/Labhesh_35_gamma_image.png
504,./dataset/train/Labhesh/Labhesh_36.png
505,./dataset/train/Labhesh/Labhesh_13.png
506,./dataset/train/Labhesh/Labhesh_17_contrast.png
507,./dataset/train/Labhesh/Labhesh_0_random_noise_image.png
508,./dataset/train/Labhesh/Labhesh_43_gray_image.png
509,./dataset/train/Labhesh/Labhesh_15_random_noise_image.png
510,./dataset/train/Labhesh/Labhesh_17_gray_image.png
511,./dataset/train/Labhesh/Labhesh_23_gamma_image.png
512,./dataset/train/Labhesh/Labhesh_31.png
513,./dataset/train/Labhesh/Labhesh_36_random_noise_image.png
514,./dataset/train/Labhesh/Labhesh_25_random_noise_image.png
515,./dataset/train/Labhesh/Labhesh_13_random_noise_image.png
516,./dataset/train/Labhesh/Labhesh_34_gray_image.png
517,./dataset/train/Labhesh/Labhesh_38_contrast.png
518,./dataset/train/Labhesh/Labhesh_24_gray_image.png
519,./dataset/train/Labhesh/Labhesh_16.png
520,./dataset/train/Labhesh/Labhesh_25_gray_image.png
521,./dataset/train/Labhesh/Labhesh_44_gamma_image.png
522,./dataset/train/Labhesh/Labhesh_24_contrast.png
523,./dataset/train/Labhesh/Labhesh_45_gamma_image.png
524,./dataset/train/Labhesh/Labhesh_41_gray_image.png
525,./dataset/train/Labhesh/Labhesh_2_random_noise_image.png
526,./dataset/train/Labhesh/Labhesh_1_gamma_image.png
527,./dataset/train/Labhesh/Labhesh_35_random_noise_image.png
528,./dataset/train/Labhesh/Labhesh_43_random_noise_image.png
529,./dataset/train/Labhesh/Labhesh_36_gray_image.png
530,./dataset/train/Labhesh/Labhesh_31_random_noise_image.png
531,./dataset/train/Labhesh/Labhesh_11_gamma_image.png
532,./dataset/train/Labhesh/Labhesh_36_gamma_image.png
533,./dataset/train/Labhesh/Labhesh_25_contrast.png
534,./dataset/train/Labhesh/Labhesh_1_random_noise_image.png
535,./dataset/train/Labhesh/Labhesh_37_contrast.png
536,./dataset/train/Labhesh/Labhesh_5_gamma_image.png
537,./dataset/train/Labhesh/Labhesh_27.png
538,./dataset/train/Labhesh/Labhesh_5_contrast.png
539,./dataset/train/Labhesh/Labhesh_13_gray_image.png
540,./dataset/train/Labhesh/Labhesh_8_gray_image.png
541,./dataset/train/Labhesh/Labhesh_11_random_noise_image.png
542,./dataset/train/Labhesh/Labhesh_14_random_noise_image.png
543,./dataset/train/Labhesh/Labhesh_1.png
544,./dataset/train/Labhesh/Labhesh_38_gray_image.png
545,./dataset/train/Labhesh/Labhesh_2_gamma_image.png
546,./dataset/train/Labhesh/Labhesh_24_random_noise_image.png
547,./dataset/train/Labhesh/Labhesh_26_gray_image.png
548,./dataset/train/Labhesh/Labhesh_25_gamma_image.png
549,./dataset/train/Labhesh/Labhesh_25.png
550,./dataset/train/Labhesh/Labhesh_9_gray_image.png
551,./dataset/train/Labhesh/Labhesh_30.png
552,./dataset/train/Labhesh/Labhesh_14_gray_image.png
553,./dataset/train/Labhesh/Labhesh_11_gray_image.png
554,./dataset/train/Labhesh/Labhesh_29_random_noise_image.png
555,./dataset/train/Labhesh/Labhesh_28_contrast.png
556,./dataset/train/Labhesh/Labhesh_4_contrast.png
557,./dataset/train/Labhesh/Labhesh_28_random_noise_image.png
558,./dataset/train/Labhesh/Labhesh_6_gray_image.png
559,./dataset/train/Labhesh/Labhesh_2_gray_image.png
560,./dataset/train/Labhesh/Labhesh_33_random_noise_image.png
561,./dataset/train/Labhesh/Labhesh_0_gamma_image.png
562,./dataset/train/Hitesh/Hitesh_16.png
563,./dataset/train/Hitesh/Hitesh_8_gamma_image.png
564,./dataset/train/Hitesh/Hitesh_36.png
565,./dataset/train/Hitesh/Hitesh_23_gray_image.png
566,./dataset/train/Hitesh/Hitesh_30_gray_image.png
567,./dataset/train/Hitesh/Hitesh_24_gray_image.png
568,./dataset/train/Hitesh/Hitesh_26.png
569,./dataset/train/Hitesh/Hitesh_35_contrast.png
570,./dataset/train/Hitesh/Hitesh_0.png
571,./dataset/train/Hitesh/Hitesh_14_contrast.png
572,./dataset/train/Hitesh/Hitesh_18_gamma_image.png
573,./dataset/train/Hitesh/Hitesh_42_gamma_image.png
574,./dataset/train/Hitesh/Hitesh_36_random_noise_image.png
575,./dataset/train/Hitesh/Hitesh_27_contrast.png
576,./dataset/train/Hitesh/Hitesh_29_random_noise_image.png
577,./dataset/train/Hitesh/Hitesh_20_gamma_image.png
578,./dataset/train/Hitesh/Hitesh_31_gray_image.png
579,./dataset/train/Hitesh/Hitesh_21_gray_image.png
580,./dataset/train/Hitesh/Hitesh_12_random_noise_image.png
581,./dataset/train/Hitesh/Hitesh_24_random_noise_image.png
582,./dataset/train/Hitesh/Hitesh_14.png
583,./dataset/train/Hitesh/Hitesh_41_contrast.png
584,./dataset/train/Hitesh/Hitesh_33_gamma_image.png
585,./dataset/train/Hitesh/Hitesh_0_gray_image.png
586,./dataset/train/Hitesh/Hitesh_27_random_noise_image.png
587,./dataset/train/Hitesh/Hitesh_12_contrast.png
588,./dataset/train/Hitesh/Hitesh_12_gamma_image.png
589,./dataset/train/Hitesh/Hitesh_17_gamma_image.png
590,./dataset/train/Hitesh/Hitesh_11_gamma_image.png
591,./dataset/train/Hitesh/Hitesh_35.png
592,./dataset/train/Hitesh/Hitesh_8_gray_image.png
593,./dataset/train/Hitesh/Hitesh_18_contrast.png
594,./dataset/train/Hitesh/Hitesh_32_contrast.png
595,./dataset/train/Hitesh/Hitesh_1_gamma_image.png
596,./dataset/train/Hitesh/Hitesh_19_gray_image.png
597,./dataset/train/Hitesh/Hitesh_16_gamma_image.png
598,./dataset/train/Hitesh/Hitesh_32.png
599,./dataset/train/Hitesh/Hitesh_31.png
600,./dataset/train/Hitesh/Hitesh_16_gray_image.png
601,./dataset/train/Hitesh/Hitesh_18_gray_image.png
602,./dataset/train/Hitesh/Hitesh_9_gamma_image.png
603,./dataset/train/Hitesh/Hitesh_22.png
604,./dataset/train/Hitesh/Hitesh_26_contrast.png
605,./dataset/train/Hitesh/Hitesh_15_gamma_image.png
606,./dataset/train/Hitesh/Hitesh_0_random_noise_image.png
607,./dataset/train/Hitesh/Hitesh_17.png
608,./dataset/train/Hitesh/Hitesh_21_gamma_image.png
609,./dataset/train/Hitesh/Hitesh_42_random_noise_image.png
610,./dataset/train/Hitesh/Hitesh_23_random_noise_image.png
611,./dataset/train/Hitesh/Hitesh_38_gamma_image.png
612,./dataset/train/Hitesh/Hitesh_21_contrast.png
613,./dataset/train/Hitesh/Hitesh_2.png
614,./dataset/train/Hitesh/Hitesh_36_gray_image.png
615,./dataset/train/Hitesh/Hitesh_32_gray_image.png
616,./dataset/train/Hitesh/Hitesh_19_gamma_image.png
617,./dataset/train/Hitesh/Hitesh_37_random_noise_image.png
618,./dataset/train/Hitesh/Hitesh_32_random_noise_image.png
619,./dataset/train/Hitesh/Hitesh_31_random_noise_image.png
620,./dataset/train/Hitesh/Hitesh_30.png
621,./dataset/train/Hitesh/Hitesh_35_gray_image.png
622,./dataset/train/Hitesh/Hitesh_14_random_noise_image.png
623,./dataset/train/Hitesh/Hitesh_20_gray_image.png
624,./dataset/train/Hitesh/Hitesh_25_contrast.png
625,./dataset/train/Hitesh/Hitesh_37_gray_image.png
626,./dataset/train/Hitesh/Hitesh_9_random_noise_image.png
627,./dataset/train/Hitesh/Hitesh_17_gray_image.png
628,./dataset/train/Hitesh/Hitesh_25_random_noise_image.png
629,./dataset/train/Hitesh/Hitesh_16_contrast.png
630,./dataset/train/Hitesh/Hitesh_37_gamma_image.png
631,./dataset/train/Hitesh/Hitesh_19.png
632,./dataset/train/Hitesh/Hitesh_17_random_noise_image.png
633,./dataset/train/Hitesh/Hitesh_15_gray_image.png
634,./dataset/train/Hitesh/Hitesh_42_contrast.png
635,./dataset/train/Hitesh/Hitesh_13_random_noise_image.png
636,./dataset/train/Hitesh/Hitesh_26_gray_image.png
637,./dataset/train/Hitesh/Hitesh_41_gray_image.png
638,./dataset/train/Hitesh/Hitesh_10_contrast.png
639,./dataset/train/Hitesh/Hitesh_14_gray_image.png
640,./dataset/train/Hitesh/Hitesh_10.png
641,./dataset/train/Hitesh/Hitesh_22_gray_image.png
642,./dataset/train/Hitesh/Hitesh_21_random_noise_image.png
643,./dataset/train/Hitesh/Hitesh_0_gamma_image.png
644,./dataset/train/Hitesh/Hitesh_15_random_noise_image.png
645,./dataset/train/Hitesh/Hitesh_8.png
646,./dataset/train/Hitesh/Hitesh_29_gray_image.png
647,./dataset/train/Hitesh/Hitesh_8_contrast.png
648,./dataset/train/Hitesh/Hitesh_2_gray_image.png
649,./dataset/train/Hitesh/Hitesh_27_gray_image.png
650,./dataset/train/Hitesh/Hitesh_31_contrast.png
651,./dataset/train/Hitesh/Hitesh_28_contrast.png
652,./dataset/train/Hitesh/Hitesh_33_random_noise_image.png
653,./dataset/train/Hitesh/Hitesh_27.png
654,./dataset/train/Hitesh/Hitesh_38_contrast.png
655,./dataset/train/Hitesh/Hitesh_2_gamma_image.png
656,./dataset/train/Hitesh/Hitesh_18.png
657,./dataset/train/Hitesh/Hitesh_20_contrast.png
658,./dataset/train/Hitesh/Hitesh_36_gamma_image.png
659,./dataset/train/Hitesh/Hitesh_23_contrast.png
660,./dataset/train/Hitesh/Hitesh_12_gray_image.png
661,./dataset/train/Hitesh/Hitesh_25.png
662,./dataset/train/Hitesh/Hitesh_42_gray_image.png
663,./dataset/train/Hitesh/Hitesh_20_random_noise_image.png
664,./dataset/train/Hitesh/Hitesh_24.png
665,./dataset/train/Hitesh/Hitesh_9_contrast.png
666,./dataset/train/Hitesh/Hitesh_21.png
667,./dataset/train/Hitesh/Hitesh_31_gamma_image.png
668,./dataset/train/Hitesh/Hitesh_10_gamma_image.png
669,./dataset/train/Hitesh/Hitesh_34_random_noise_image.png
670,./dataset/train/Hitesh/Hitesh_24_gamma_image.png
671,./dataset/train/Hitesh/Hitesh_0_contrast.png
672,./dataset/train/Hitesh/Hitesh_22_gamma_image.png
673,./dataset/train/Hitesh/Hitesh_16_random_noise_image.png
674,./dataset/train/Hitesh/Hitesh_28.png
675,./dataset/train/Hitesh/Hitesh_23.png
676,./dataset/train/Hitesh/Hitesh_30_contrast.png
677,./dataset/train/Hitesh/Hitesh_33_gray_image.png
678,./dataset/train/Hitesh/Hitesh_19_contrast.png
679,./dataset/train/Hitesh/Hitesh_2_contrast.png
680,./dataset/train/Hitesh/Hitesh_28_gray_image.png
681,./dataset/train/Hitesh/Hitesh_11_contrast.png
682,./dataset/train/Hitesh/Hitesh_29.png
683,./dataset/train/Hitesh/Hitesh_15.png
684,./dataset/train/Hitesh/Hitesh_29_contrast.png
685,./dataset/train/Hitesh/Hitesh_11_gray_image.png
686,./dataset/train/Hitesh/Hitesh_11.png
687,./dataset/train/Hitesh/Hitesh_19_random_noise_image.png
688,./dataset/train/Hitesh/Hitesh_18_random_noise_image.png
689,./dataset/train/Hitesh/Hitesh_14_gamma_image.png
690,./dataset/train/Hitesh/Hitesh_9.png
691,./dataset/train/Hitesh/Hitesh_23_gamma_image.png
692,./dataset/train/Hitesh/Hitesh_28_gamma_image.png
693,./dataset/train/Hitesh/Hitesh_41.png
694,./dataset/train/Hitesh/Hitesh_29_gamma_image.png
695,./dataset/train/Hitesh/Hitesh_20.png
696,./dataset/train/Hitesh/Hitesh_36_contrast.png
697,./dataset/train/Hitesh/Hitesh_13_gray_image.png
698,./dataset/train/Hitesh/Hitesh_34_contrast.png
699,./dataset/train/Hitesh/Hitesh_13.png
700,./dataset/train/Hitesh/Hitesh_37_contrast.png
701,./dataset/train/Hitesh/Hitesh_22_random_noise_image.png
702,./dataset/train/Hitesh/Hitesh_8_random_noise_image.png
703,./dataset/train/Hitesh/Hitesh_38.png
704,./dataset/train/Hitesh/Hitesh_1_contrast.png
705,./dataset/train/Hitesh/Hitesh_35_gamma_image.png
706,./dataset/train/Hitesh/Hitesh_41_gamma_image.png
707,./dataset/train/Hitesh/Hitesh_2_random_noise_image.png
708,./dataset/train/Hitesh/Hitesh_25_gray_image.png
709,./dataset/train/Hitesh/Hitesh_34_gray_image.png
710,./dataset/train/Hitesh/Hitesh_13_gamma_image.png
711,./dataset/train/Hitesh/Hitesh_37.png
712,./dataset/train/Hitesh/Hitesh_26_random_noise_image.png
713,./dataset/train/Hitesh/Hitesh_33.png
714,./dataset/train/Hitesh/Hitesh_34_gamma_image.png
715,./dataset/train/Hitesh/Hitesh_35_random_noise_image.png
716,./dataset/train/Hitesh/Hitesh_15_contrast.png
717,./dataset/train/Hitesh/Hitesh_17_contrast.png
718,./dataset/train/Hitesh/Hitesh_33_contrast.png
719,./dataset/train/Hitesh/Hitesh_10_gray_image.png
720,./dataset/train/Hitesh/Hitesh_10_random_noise_image.png
721,./dataset/train/Hitesh/Hitesh_26_gamma_image.png
722,./dataset/train/Hitesh/Hitesh_9_gray_image.png
723,./dataset/train/Hitesh/Hitesh_1_random_noise_image.png
724,./dataset/train/Hitesh/Hitesh_1.png
725,./dataset/train/Hitesh/Hitesh_22_contrast.png
726,./dataset/train/Hitesh/Hitesh_24_contrast.png
727,./dataset/train/Hitesh/Hitesh_34.png
728,./dataset/train/Hitesh/Hitesh_25_gamma_image.png
729,./dataset/train/Hitesh/Hitesh_1_gray_image.png
730,./dataset/train/Hitesh/Hitesh_27_gamma_image.png
731,./dataset/train/Hitesh/Hitesh_12.png
732,./dataset/train/Hitesh/Hitesh_30_gamma_image.png
733,./dataset/train/Hitesh/Hitesh_28_random_noise_image.png
734,./dataset/train/Hitesh/Hitesh_32_gamma_image.png
735,./dataset/train/Hitesh/Hitesh_11_random_noise_image.png
736,./dataset/train/Hitesh/Hitesh_13_contrast.png
737,./dataset/train/Hitesh/Hitesh_41_random_noise_image.png
738,./dataset/train/Hitesh/Hitesh_30_random_noise_image.png
739,./dataset/train/Hitesh/Hitesh_38_random_noise_image.png
740,./dataset/train/Hitesh/Hitesh_38_gray_image.png
741,./dataset/test/Tarun/Tarun_39_gray_image.png
742,./dataset/test/Tarun/Tarun_31_contrast.png
743,./dataset/test/Tarun/Tarun_32_gamma_image.png
744,./dataset/test/Tarun/Tarun_32_random_noise_image.png
745,./dataset/test/Tarun/Tarun_39.png
746,./dataset/test/Tarun/Tarun_33_gamma_image.png
747,./dataset/test/Tarun/Tarun_33_gray_image.png
748,./dataset/test/Tarun/Tarun_40_contrast.png
749,./dataset/test/Tarun/Tarun_40.png
750,./dataset/test/Tarun/Tarun_40_gamma_image.png
751,./dataset/test/Tarun/Tarun_39_contrast.png
752,./dataset/test/Tarun/Tarun_40_random_noise_image.png
753,./dataset/test/Tarun/Tarun_39_gamma_image.png
754,./dataset/test/Tarun/Tarun_40_gray_image.png
755,./dataset/test/Tarun/Tarun_33.png
756,./dataset/test/Tarun/Tarun_31.png
757,./dataset/test/Tarun/Tarun_32.png
758,./dataset/test/Tarun/Tarun_32_gray_image.png
759,./dataset/test/Tarun/Tarun_34_random_noise_image.png
760,./dataset/test/Tarun/Tarun_31_gray_image.png
761,./dataset/test/Tarun/Tarun_33_contrast.png
762,./dataset/test/Tarun/Tarun_34_gray_image.png
763,./dataset/test/Tarun/Tarun_31_gamma_image.png
764,./dataset/test/Tarun/Tarun_31_random_noise_image.png
765,./dataset/test/Tarun/Tarun_34_gamma_image.png
766,./dataset/test/Tarun/Tarun_34_contrast.png
767,./dataset/test/Tarun/Tarun_34.png
768,./dataset/test/Tarun/Tarun_33_random_noise_image.png
769,./dataset/test/Tarun/Tarun_39_random_noise_image.png
770,./dataset/test/Tarun/Tarun_32_contrast.png
771,./dataset/test/Varkha/Varkha_40_contrast.png
772,./dataset/test/Varkha/Varkha_40_random_noise_image.png
773,./dataset/test/Varkha/Varkha_39_random_noise_image.png
774,./dataset/test/Varkha/Varkha_17_gray_image.png
775,./dataset/test/Varkha/Varkha_16.png
776,./dataset/test/Varkha/Varkha_40.png
777,./dataset/test/Varkha/Varkha_15_gamma_image.png
778,./dataset/test/Varkha/Varkha_39_gray_image.png
779,./dataset/test/Varkha/Varkha_16_gray_image.png
780,./dataset/test/Varkha/Varkha_18_contrast.png
781,./dataset/test/Varkha/Varkha_40_gamma_image.png
782,./dataset/test/Varkha/Varkha_46_gamma_image.png
783,./dataset/test/Varkha/Varkha_18_random_noise_image.png
784,./dataset/test/Varkha/Varkha_18_gray_image.png
785,./dataset/test/Varkha/Varkha_16_random_noise_image.png
786,./dataset/test/Varkha/Varkha_14_contrast.png
787,./dataset/test/Varkha/Varkha_17_contrast.png
788,./dataset/test/Varkha/Varkha_17_gamma_image.png
789,./dataset/test/Varkha/Varkha_46_random_noise_image.png
790,./dataset/test/Varkha/Varkha_14_random_noise_image.png
791,./dataset/test/Varkha/Varkha_15.png
792,./dataset/test/Varkha/Varkha_17.png
793,./dataset/test/Varkha/Varkha_15_contrast.png
794,./dataset/test/Varkha/Varkha_18.png
795,./dataset/test/Varkha/Varkha_39_contrast.png
796,./dataset/test/Varkha/Varkha_46_gray_image.png
797,./dataset/test/Varkha/Varkha_39.png
798,./dataset/test/Varkha/Varkha_18_gamma_image.png
799,./dataset/test/Varkha/Varkha_39_gamma_image.png
800,./dataset/test/Varkha/Varkha_15_random_noise_image.png
801,./dataset/test/Varkha/Varkha_14.png
802,./dataset/test/Varkha/Varkha_40_gray_image.png
803,./dataset/test/Varkha/Varkha_14_gray_image.png
804,./dataset/test/Varkha/Varkha_17_random_noise_image.png
805,./dataset/test/Varkha/Varkha_14_gamma_image.png
806,./dataset/test/Varkha/Varkha_15_gray_image.png
807,./dataset/test/Varkha/Varkha_46_contrast.png
808,./dataset/test/Varkha/Varkha_16_contrast.png
809,./dataset/test/Varkha/Varkha_16_gamma_image.png
810,./dataset/test/Labhesh/Labhesh_18_contrast.png
811,./dataset/test/Labhesh/Labhesh_40_gray_image.png
812,./dataset/test/Labhesh/Labhesh_18_gray_image.png
813,./dataset/test/Labhesh/Labhesh_19_gamma_image.png
814,./dataset/test/Labhesh/Labhesh_39_contrast.png
815,./dataset/test/Labhesh/Labhesh_39_gamma_image.png
816,./dataset/test/Labhesh/Labhesh_21_contrast.png
817,./dataset/test/Labhesh/Labhesh_40_random_noise_image.png
818,./dataset/test/Labhesh/Labhesh_20_contrast.png
819,./dataset/test/Labhesh/Labhesh_20_gamma_image.png
820,./dataset/test/Labhesh/Labhesh_40_contrast.png
821,./dataset/test/Labhesh/Labhesh_19_contrast.png
822,./dataset/test/Labhesh/Labhesh_40.png
823,./dataset/test/Labhesh/Labhesh_39.png
824,./dataset/test/Labhesh/Labhesh_22_random_noise_image.png
825,./dataset/test/Labhesh/Labhesh_40_gamma_image.png
826,./dataset/test/Labhesh/Labhesh_21_gamma_image.png
827,./dataset/test/Labhesh/Labhesh_20.png
828,./dataset/test/Labhesh/Labhesh_18_gamma_image.png
829,./dataset/test/Labhesh/Labhesh_19.png
830,./dataset/test/Labhesh/Labhesh_22.png
831,./dataset/test/Labhesh/Labhesh_39_gray_image.png
832,./dataset/test/Labhesh/Labhesh_20_random_noise_image.png
833,./dataset/test/Labhesh/Labhesh_18_random_noise_image.png
834,./dataset/test/Labhesh/Labhesh_20_gray_image.png
835,./dataset/test/Labhesh/Labhesh_19_random_noise_image.png
836,./dataset/test/Labhesh/Labhesh_22_gamma_image.png
837,./dataset/test/Labhesh/Labhesh_19_gray_image.png
838,./dataset/test/Labhesh/Labhesh_22_gray_image.png
839,./dataset/test/Labhesh/Labhesh_39_random_noise_image.png
840,./dataset/test/Labhesh/Labhesh_21_gray_image.png
841,./dataset/test/Labhesh/Labhesh_21_random_noise_image.png
842,./dataset/test/Labhesh/Labhesh_22_contrast.png
843,./dataset/test/Labhesh/Labhesh_21.png
844,./dataset/test/Labhesh/Labhesh_18.png
845,./dataset/test/Hitesh/Hitesh_39.png
846,./dataset/test/Hitesh/Hitesh_7_random_noise_image.png
847,./dataset/test/Hitesh/Hitesh_4_gray_image.png
848,./dataset/test/Hitesh/Hitesh_3_random_noise_image.png
849,./dataset/test/Hitesh/Hitesh_40_gamma_image.png
850,./dataset/test/Hitesh/Hitesh_6_gray_image.png
851,./dataset/test/Hitesh/Hitesh_6_contrast.png
852,./dataset/test/Hitesh/Hitesh_7.png
853,./dataset/test/Hitesh/Hitesh_5_random_noise_image.png
854,./dataset/test/Hitesh/Hitesh_4_contrast.png
855,./dataset/test/Hitesh/Hitesh_7_contrast.png
856,./dataset/test/Hitesh/Hitesh_7_gray_image.png
857,./dataset/test/Hitesh/Hitesh_40_gray_image.png
858,./dataset/test/Hitesh/Hitesh_4_gamma_image.png
859,./dataset/test/Hitesh/Hitesh_5_gamma_image.png
860,./dataset/test/Hitesh/Hitesh_3.png
861,./dataset/test/Hitesh/Hitesh_7_gamma_image.png
862,./dataset/test/Hitesh/Hitesh_4_random_noise_image.png
863,./dataset/test/Hitesh/Hitesh_5.png
864,./dataset/test/Hitesh/Hitesh_4.png
865,./dataset/test/Hitesh/Hitesh_39_contrast.png
866,./dataset/test/Hitesh/Hitesh_3_gamma_image.png
867,./dataset/test/Hitesh/Hitesh_3_contrast.png
868,./dataset/test/Hitesh/Hitesh_40_contrast.png
869,./dataset/test/Hitesh/Hitesh_6_gamma_image.png
870,./dataset/test/Hitesh/Hitesh_40.png
871,./dataset/test/Hitesh/Hitesh_6.png
872,./dataset/test/Hitesh/Hitesh_5_gray_image.png
873,./dataset/test/Hitesh/Hitesh_39_gamma_image.png
874,./dataset/test/Hitesh/Hitesh_6_random_noise_image.png
875,./dataset/test/Hitesh/Hitesh_39_gray_image.png
876,./dataset/test/Hitesh/Hitesh_40_random_noise_image.png
877,./dataset/test/Hitesh/Hitesh_5_contrast.png
878,./dataset/test/Hitesh/Hitesh_3_gray_image.png
879,./dataset/test/Hitesh/Hitesh_39_random_noise_image.png
